window_pos,normalized_RF
3260_3360,0.9772727272727273
2840_2940,0.9318181818181818
5170_5270,0.9318181818181818
4050_4150,0.9772727272727273
4750_4850,0.9318181818181818
4940_5040,0.9090909090909091
0_100,0.9318181818181818
930_1030,0.9318181818181818
4520_4620,0.9545454545454546
4290_4390,0.9545454545454546
1960_2060,0.9545454545454546
4060_4160,0.9545454545454546
280_380,0.9318181818181818
1540_1640,0.9318181818181818
4760_4860,0.9318181818181818
2850_2950,0.9318181818181818
